ts,idx,name,ok,buildings,water,peaks,attempts
1789266592102,6,秦皇岛,1,800,4,0,1
1789266595234,1,天津,1,360,3,0,1
1789266596801,7,邯郸,1,2,0,0,1
1789266610961,8,邢台,1,243,30,0,1
1789266628345,9,保定,1,63,11,0,1
1789266635973,23,忻州,1,16,0,0,1
1789266657065,15,太原,0,0,0,0,3
1789266663174,34,乌兰察布,1,77,3,0,1
1789266665580,33,巴彦淖尔,1,22,8,0,1
1789266670196,38,大连,1,800,1,2,1
1789266672529,41,本溪,1,66,3,1,1
1789266675700,42,丹东,1,92,7,0,1
1789266714634,44,营口,0,0,0,0,3
1789266725021,57,松原,0,0,0,0,3
1789266756381,64,双鸭山,0,0,0,0,3
1789266768266,65,大庆,0,0,0,0,3
1789266781665,72,漠河,1,30,11,0,1
1789266832347,69,牡丹江,1,187,5,0,2
1789266836030,73,南京,0,0,0,0,3
1789266840700,74,无锡,1,208,86,1,1
1789266847203,79,连云港,1,88,11,0,1
1789266852711,84,泰州,1,54,29,0,1
1789266859774,86,昆山,1,187,60,0,1
1789266892027,83,镇江,0,0,0,0,3
1789266902944,92,绍兴,0,0,0,0,3
1789266915004,95,舟山,1,289,113,6,1
1789266924589,96,台州,1,800,4,3,1
1789266933469,94,衢州,0,0,0,0,3
1789266965317,108,滁州,1,14,8,0,1
1789266967778,107,阜阳,0,0,0,0,3
1789266976421,109,六安,1,72,18,0,1
1789266982515,112,池州,1,19,27,1,1
1789267000685,113,宣城,1,30,19,0,1
1789267015659,116,莆田,1,200,20,0,1
1789267023583,115,厦门,0,0,0,0,3
1789267024776,130,赣州,1,800,5,0,1
1789267035729,133,抚州,1,39,6,0,1
1789267066770,131,吉安,0,0,0,0,3
1789267069452,144,泰安,1,121,52,4,1
1789267080691,146,日照,1,100,11,0,1
1789267081695,147,临沂,1,255,24,0,1
1789267087099,149,聊城,1,127,37,0,1
1789267104578,154,洛阳,1,676,65,0,1
1789267110719,162,漯河,1,302,26,0,1
1789267111128,157,鹤壁,1,361,30,0,1
1789267120461,164,南阳,1,34,8,0,1
1789267121754,175,鄂州,1,14,6,0,1
1789267126953,197,怀化,1,84,18,0,1
1789267157398,202,深圳,1,800,68,1,1
1789267163422,186,长沙,0,0,0,0,3
1789267198441,203,珠海,0,0,0,0,3
1789267208089,204,汕头,0,0,0,0,3
1789267243177,205,佛山,0,0,0,0,3
1789267250857,213,河源,0,0,0,0,3
1789267285317,214,阳江,0,0,0,0,3
1789267295030,217,中山,0,0,0,0,3
1789267326360,219,揭阳,0,0,0,0,3
1789267336944,226,防城港,1,344,24,2,1
1789267338446,225,北海,0,0,0,0,3
1789267350095,229,玉林,1,250,21,0,1
1789267355348,232,河池,1,9,4,0,1
1789267360788,239,琼海,1,16,11,0,1
1789267384128,231,贺州,0,0,0,0,3
1789267387777,242,成都,1,752,68,0,1
1789267398290,254,宜宾,1,58,8,1,1
1789267430553,252,南充,0,0,0,0,3
1789267434394,255,广安,1,32,4,0,1
1789267439784,261,康定,1,305,18,1,1
1789267447926,262,马尔康,1,9,11,0,1
1789267452153,260,西昌,1,15,7,0,1
1789267474023,263,贵阳,1,199,19,3,1
1789267493207,272,昆明,0,0,0,0,3
1789267511422,276,昭通,1,53,15,0,1
1789267516220,275,保山,0,0,0,0,3
1789267535590,288,拉萨,1,800,13,2,1
1789267535685,278,普洱,1,6,13,0,1
1789267577103,305,兰州,0,0,0,0,3
1789267577817,307,金昌,0,0,0,0,3
1789267586473,310,武威,1,29,5,0,1
1789267601431,309,天水,1,800,18,1,1
1789267611470,330,中卫,1,88,13,0,1
1789267628591,316,陇南,0,0,0,0,3
