ts,idx,name,ok,buildings,water,peaks
1789254843325,0,北京,1,800,25,0
1789254849284,3,重庆,1,800,9,3
1789254861200,2,上海,1,800,14,0
1789254864107,4,石家庄,1,258,1,0
1789254870623,1,天津,0,,,
1789254871260,5,唐山,1,800,24,5
1789254896618,6,秦皇岛,0,,,
1789254904201,7,邯郸,0,,,
1789254904843,8,邢台,0,,,
1789254909391,10,张家口,1,271,2,0
1789254921037,11,承德,1,109,3,0
1789254928849,13,廊坊,1,72,4,0
1789254930088,9,保定,0,,,
1789254936989,12,沧州,1,78,3,0
1789254944244,14,衡水,1,800,4,0
1789254948440,17,阳泉,1,40,3,2
1789254951514,16,大同,1,114,21,0
1789254952836,18,长治,1,124,10,1
1789254956412,19,晋城,1,47,30,0
1789254957272,20,朔州,1,25,5,0
1789254963433,21,晋中,1,9,2,0
1789254964585,15,太原,0,,,
1789254970703,22,运城,1,30,7,0
1789254977380,25,吕梁,1,69,22,0
1789254990531,26,呼和浩特,1,87,6,0
1789254990849,24,临汾,1,5,1,0
1789255006867,23,忻州,0,,,
1789255011914,29,赤峰,1,218,8,0
1789255013503,28,乌海,1,75,10,0
1789255016760,30,通辽,1,4,13,0
1789255018473,31,鄂尔多斯,1,287,2,0
1789255024711,32,呼伦贝尔,1,59,4,0
1789255026505,27,包头,1,76,16,0
1789255031104,35,锡林浩特,1,179,6,0
1789255035917,36,满洲里,1,624,2,0
1789255054075,33,巴彦淖尔,0,,,
1789255058330,34,乌兰察布,0,,,
1789255059646,37,沈阳,1,735,2,0
1789255063828,39,鞍山,1,742,14,6
1789255079279,40,抚顺,1,51,8,0
1789255086585,38,大连,0,,,
1789255094422,43,锦州,1,122,7,0
1789255098240,41,本溪,0,,,
1789255112123,42,丹东,0,,,
1789255117800,46,辽阳,1,10,19,0
1789255121851,45,阜新,1,95,8,0
1789255122399,47,盘锦,1,21,4,0
1789255126890,44,营口,0,,,
1789255130293,49,朝阳,1,215,1,0
1789255131379,48,铁岭,1,0,1,0
1789255136214,51,长春,1,800,15,0
1789255141047,53,四平,1,180,12,0
1789255141664,50,葫芦岛,1,185,5,0
1789255145615,54,辽源,1,72,12,0
1789255155258,52,吉林,1,84,5,0
1789255167873,56,白山,1,588,11,0
1789255168062,55,通化,1,48,3,0
1789255169967,59,延吉,1,800,24,0
1789255176358,58,白城,1,18,0,0
1789255188787,57,松原,0,,,
1789255193640,62,鸡西,1,800,28,0
1789255194226,60,哈尔滨,1,183,28,0
1789255196162,61,齐齐哈尔,1,181,5,0
1789255205552,63,鹤岗,1,14,4,0
1789255210468,66,伊春,1,24,9,0
1789255216655,67,佳木斯,1,34,5,0
1789255221757,68,七台河,1,800,16,1
1789255227808,64,双鸭山,0,,,
1789255231628,65,大庆,0,,,
1789255236542,71,绥化,1,126,3,0
1789255258435,69,牡丹江,0,,,
1789255261721,70,黑河,1,663,9,0
1789255272135,72,漠河,0,,,
1789255294053,73,南京,0,,,
1789255296281,74,无锡,0,,,
1789255300012,76,常州,1,800,72,0
1789255304169,77,苏州,1,192,66,0
1789255305562,75,徐州,1,427,18,7
1789255306263,78,南通,1,736,80,0
1789255312158,80,淮安,1,75,21,0
1789255318607,82,扬州,1,800,36,0
1789255332535,81,盐城,1,86,8,0
1789255350695,79,连云港,0,,,
1789255356342,83,镇江,0,,,
1789255368122,84,泰州,0,,,
1789255373705,85,宿迁,1,800,67,0
1789255377575,87,杭州,1,800,36,2
1789255380316,88,宁波,1,800,51,0
1789255384929,90,嘉兴,1,46,45,0
1789255388887,86,昆山,0,,,
1789255389669,91,湖州,1,21,42,1
1789255392208,89,温州,1,94,99,2
1789255394572,93,金华,1,800,30,1
1789255423518,92,绍兴,0,,,
1789255424700,94,衢州,0,,,
1789255426893,95,舟山,0,,,
1789255434898,98,义乌,1,209,17,0
1789255453155,97,丽水,1,31,15,0
1789255463169,100,芜湖,1,9,24,0
1789255464562,99,合肥,1,225,25,0
1789255470039,96,台州,0,,,
1789255475636,102,淮南,1,389,10,2
1789255478288,103,马鞍山,1,800,31,0
1789255486250,105,安庆,1,38,26,0
1789255487869,101,蚌埠,1,37,5,0
1789255502092,104,铜陵,1,79,4,0
1789255520421,107,阜阳,0,,,
1789255524514,106,黄山,1,19,23,0
1789255531786,110,宿州,1,229,17,0
1789255534559,108,滁州,0,,,
1789255536733,111,亳州,1,12,0,0
1789255552943,109,六安,0,,,
1789255559727,114,福州,1,192,61,0
1789255570155,112,池州,0,,,
1789255582065,113,宣城,0,,,
1789255592272,115,厦门,0,,,
1789255592980,117,三明,1,27,6,0
1789255600777,119,漳州,1,57,23,2
1789255602362,118,泉州,1,90,14,1
1789255603703,116,莆田,0,,,
1789255604838,120,南平,1,4,3,0
1789255607339,121,龙岩,1,42,11,1
1789255612346,124,南昌,1,782,26,12
1789255613301,122,宁德,1,128,6,4
1789255616302,123,武夷山,1,7,8,1
1789255616499,125,景德镇,1,14,11,0
1789255618657,126,萍乡,1,0,23,0
1789255626215,127,九江,1,800,16,1
1789255630014,128,新余,1,23,9,0
1789255630504,129,鹰潭,1,4,44,0
1789255642025,132,宜春,1,9,6,0
1789255658833,130,赣州,0,,,
1789255662636,131,吉安,0,,,
1789255667316,134,上饶,1,211,25,0
1789255669170,135,井冈山,1,0,0,0
1789255674911,137,青岛,1,800,11,1
1789255677663,133,抚州,0,,,
1789255679726,138,淄博,1,214,16,0
1789255686038,140,东营,1,53,15,0
1789255688891,139,枣庄,1,20,4,0
1789255691387,136,济南,1,776,33,12
1789255692536,141,烟台,1,762,28,1
1789255696261,143,济宁,1,71,3,0
1789255701775,142,潍坊,1,180,32,1
1789255705140,145,威海,1,800,4,4
1789255729245,144,泰安,0,,,
1789255734365,148,德州,1,11,6,0
1789255735361,146,日照,0,,,
1789255743379,150,滨州,1,40,16,0
1789255748658,147,临沂,0,,,
1789255759608,152,郑州,1,610,17,1
1789255767459,151,菏泽,1,107,15,0
1789255767873,149,聊城,0,,,
1789255768227,153,开封,1,800,19,0
1789255772976,155,平顶山,1,311,54,1
1789255797893,156,安阳,1,629,16,0
1789255802257,154,洛阳,0,,,
1789255806554,157,鹤壁,0,,,
1789255824977,159,焦作,1,20,10,0
1789255825356,158,新乡,1,67,9,0
1789255831546,161,许昌,1,45,16,0
1789255835588,160,濮阳,1,710,17,0
1789255840519,163,三门峡,1,60,2,0
1789255859589,165,商丘,1,15,13,0
1789255860904,162,漯河,0,,,
1789255867958,164,南阳,0,,,
1789255870605,167,周口,1,96,7,0
1789255873051,168,驻马店,1,55,6,0
1789255881028,166,信阳,1,45,8,0
1789255882476,169,济源,1,15,3,0
1789255894595,172,十堰,1,188,1,0
1789255895533,171,黄石,1,302,4,5
1789255899151,170,武汉,1,411,11,0
1789255916158,173,宜昌,1,800,12,5
1789255928500,174,襄阳,1,800,30,2
1789255944112,176,荆门,1,56,24,0
1789255945679,175,鄂州,0,,,
1789255953252,177,孝感,1,18,4,0
1789255974028,178,荆州,1,34,10,0
1789255980760,179,黄冈,1,307,74,1
1789255987119,182,恩施,1,35,9,0
1789255989699,180,咸宁,1,15,19,0
1789255994239,183,仙桃,1,10,12,0
1789255995583,184,潜江,1,0,5,0
1789255999695,181,随州,1,1,4,0
1789256001091,185,天门,1,358,38,0
1789256004401,187,株洲,1,59,11,0
1789256009411,189,衡阳,1,376,32,0
1789256009473,188,湘潭,1,103,18,0
1789256016036,191,岳阳,1,800,17,2
1789256018278,190,邵阳,1,24,6,0
1789256038410,193,张家界,1,358,9,0
1789256042091,186,长沙,0,,,
1789256053641,192,常德,1,51,6,0
1789256055464,195,郴州,1,474,19,0
1789256061905,194,益阳,1,545,26,0
1789256065017,196,永州,1,392,12,0
1789256067566,198,娄底,1,6,4,0
1789256070354,199,吉首,1,1,3,0
1789256075186,200,广州,1,800,18,8
1789256087807,201,韶关,1,721,16,3
1789256090082,197,怀化,0,,,
1789256110785,202,深圳,0,,,
1789256120296,203,珠海,0,,,
1789256123514,204,汕头,0,,,
1789256125031,206,江门,1,212,20,4
1789256127932,207,湛江,1,444,29,0
1789256129331,208,茂名,1,69,22,1
1789256134343,210,惠州,1,72,13,0
1789256140929,211,梅州,1,800,17,0
1789256145661,209,肇庆,1,800,18,4
1789256152517,212,汕尾,1,47,15,1
1789256157298,205,佛山,0,,,
1789256162062,215,清远,1,269,14,0
1789256167250,216,东莞,1,371,22,9
1789256183242,213,河源,0,,,
1789256186079,214,阳江,0,,,
1789256189197,218,潮州,1,235,39,0
1789256194516,220,云浮,1,800,24,9
1789256199803,221,南宁,1,280,30,0
1789256203724,217,中山,0,,,
1789256212107,222,柳州,1,141,39,7
1789256220436,224,梧州,1,280,14,9
1789256223735,219,揭阳,0,,,
1789256239219,223,桂林,1,264,36,36
1789256256104,225,北海,0,,,
1789256256256,226,防城港,0,,,
1789256261873,227,钦州,1,150,26,0
1789256265875,230,百色,1,441,14,3
1789256276422,228,贵港,1,45,9,0
1789256291877,229,玉林,0,,,
1789256300887,233,来宾,1,8,13,0
1789256305450,234,崇左,1,18,21,2
1789256307697,231,贺州,0,,,
1789256310582,235,海口,1,118,12,0
1789256313988,236,三亚,1,800,8,0
1789256314084,232,河池,0,,,
1789256315751,237,儋州,1,0,0,0
1789256324059,240,文昌,1,0,5,0
1789256327007,238,五指山,1,5,8,0
1789256340285,241,万宁,1,44,4,0
1789256347611,239,琼海,0,,,
1789256355673,244,攀枝花,1,419,12,5
1789256360026,245,泸州,1,9,4,1
1789256372287,246,德阳,1,33,4,0
1789256373523,242,成都,0,,,
1789256376898,247,绵阳,1,168,18,0
1789256378246,243,自贡,1,343,30,2
1789256385902,248,广元,1,773,20,2
1789256386468,250,内江,1,257,2,0
1789256390590,251,乐山,1,81,33,2
1789256395667,253,眉山,1,2,9,0
1789256398520,249,遂宁,1,37,6,0
1789256424130,252,南充,0,,,
1789256428970,256,达州,1,12,5,0
1789256429265,254,宜宾,0,,,
1789256434950,258,巴中,1,116,15,3
1789256441261,259,资阳,1,30,5,0
1789256443019,255,广安,0,,,
1789256453986,257,雅安,1,155,39,0
1789256477435,261,康定,0,,,
1789256487575,262,马尔康,0,,,
1789256487785,260,西昌,0,,,
1789256492924,265,遵义,1,47,5,0
1789256500351,266,安顺,1,28,33,12
1789256504699,264,六盘水,1,66,14,1
1789256511379,267,毕节,1,240,13,2
1789256519940,263,贵阳,0,,,
1789256526016,270,兴义,1,8,10,0
1789256531943,268,铜仁,1,58,6,0
1789256546743,269,凯里,1,3,1,0
1789256552272,271,都匀,1,7,7,0
1789256555091,273,曲靖,1,38,7,0
1789256565548,272,昆明,0,,,
1789256574855,274,玉溪,1,127,15,0
1789256599080,276,昭通,0,,,
1789256601608,275,保山,0,,,
1789256606107,277,丽江,1,780,15,0
1789256624612,279,临沧,1,7,8,0
1789256630835,280,大理,1,291,10,5
1789256631976,281,景洪,1,430,32,0
1789256636169,283,蒙自,1,81,15,0
1789256637693,278,普洱,0,,,
1789256639595,282,楚雄,1,101,13,0
1789256641409,284,文山,1,1,8,0
1789256646257,285,芒市,1,118,33,1
1789256650238,286,腾冲,1,6,12,0
1789256667052,287,香格里拉,1,49,10,5
1789256672130,290,昌都,1,197,9,0
1789256677494,289,日喀则,1,53,11,0
1789256678698,288,拉萨,0,,,
1789256679780,291,林芝,1,28,6,0
1789256684877,293,那曲,1,193,17,1
1789256686701,294,狮泉河,1,120,5,0
1789256691447,292,山南,1,11,1,0
1789256702454,297,宝鸡,1,77,21,0
1789256707613,295,西安,1,800,3,0
1789256712700,296,铜川,1,19,1,0
1789256713400,299,渭南,1,41,2,0
1789256717730,300,延安,1,28,3,2
1789256718324,301,汉中,1,81,6,0
1789256723721,303,安康,1,25,3,0
1789256726564,298,咸阳,1,270,3,0
1789256728787,304,商洛,1,19,6,0
1789256733995,306,嘉峪关,1,71,10,0
1789256734052,302,榆林,1,177,17,0
1789256740695,308,白银,1,422,11,1
1789256759940,305,兰州,0,,,
1789256773796,307,金昌,0,,,
1789256775303,309,天水,0,,,
1789256781665,311,张掖,1,190,13,0
1789256781988,312,平凉,1,800,30,1
1789256786747,314,庆阳,1,791,2,0
1789256792539,310,武威,0,,,
1789256796780,315,定西,1,595,16,1
1789256803614,317,临夏,1,800,20,0
1789256807510,318,合作,1,213,18,3
1789256811517,319,敦煌,1,602,19,0
1789256812002,313,酒泉,1,9,2,0
1789256816427,320,西宁,1,560,21,2
1789256822366,321,海东,1,68,5,0
1789256825044,316,陇南,0,,,
1789256831751,323,德令哈,1,51,8,0
1789256832402,322,格尔木,1,684,3,0
1789256834350,324,玉树,1,9,3,0
1789256836427,326,银川,1,389,20,0
1789256840916,328,吴忠,1,223,3,0
1789256843873,325,共和,1,18,8,0
1789256848186,329,固原,1,58,1,1
1789256853185,331,乌鲁木齐,1,166,4,1
1789256863798,332,克拉玛依,1,133,3,0
1789256867426,327,石嘴山,1,331,4,0
1789256867819,333,吐鲁番,1,53,1,0
1789256879902,334,哈密,1,677,17,0
1789256890106,336,博乐,1,62,2,0
1789256890379,330,中卫,0,,,
1789256891889,335,昌吉,1,565,12,0
1789256897584,337,库尔勒,1,24,10,0
1789256897713,338,阿克苏,1,50,5,0
1789256905607,340,喀什,1,800,7,0
1789256906926,339,阿图什,1,41,2,0
1789256910632,343,塔城,1,34,42,0
1789256921604,342,伊宁,1,613,1,0
1789256926236,341,和田,1,70,13,0
1789256935559,344,阿勒泰,1,563,3,0
1789256945734,345,石河子,1,238,18,1
