ts,cls,label,lat,lon,status,ms,x_geo_cache,buildings,note,verdict
1789376637957,A,北京·城市库,39.9,116.41,200,300,hit,800,"raw_count=1008","✅ OK"
1789376638243,A,上海·城市库,31.23,121.47,200,273,hit,800,"raw_count=1164","✅ OK"
1789376638546,A,济南·城市库,36.65,117.12,200,290,hit,776,"raw_count=776","✅ OK"
1789376638918,B,上海·IP坐标,31.22222,121.45806,200,371,fail-cooldown,0,"fallback:true","◇ 降级"
1789376639953,B,济南·IP坐标,36.6683,117.021,200,1034,fail-cooldown,0,"fallback:true","◇ 降级"
1789376640246,C,天津·预热失败,39.13,117.2,200,288,hit,360,"raw_count=360","✅ OK"
1789376652253,C,太原·预热失败,37.87,112.55,0,12007,-,-,"TIMEOUT(>12000ms)","❌ 挂死"
1789376653290,D,阿勒泰·未预热,47.85,88.14,200,1032,hit,563,"raw_count=563","✅ OK"
1789376665300,E,东京·海外,35.68,139.77,0,12010,-,-,"TIMEOUT(>12000ms)","❌ 挂死"
1789376677312,E,纽约·海外,40.71,-74.01,0,12012,-,-,"TIMEOUT(>12000ms)","❌ 挂死"
1789376683117,F,悉尼·南半球,-33.87,151.21,200,5794,miss,800,"raw_count=884","✅ OK"
1789376683561,F,深海·极端,-45.12,-170.57,200,444,fail-cooldown,0,"fallback:true","◇ 降级"
